<?xml version="1.0" encoding="utf-8" standalone="yes" ?>
<rss version="2.0" xmlns:atom="http://www.w3.org/2005/Atom">
  <channel>
    <title>Homes on Ace Mark Acebedo</title>
    <link>/home/</link>
    <description>Recent content in Homes on Ace Mark Acebedo</description>
    <generator>Hugo -- gohugo.io</generator>
    <language>en-us</language>
    <copyright>&amp;copy; 2018 Ace Mark Acebedo</copyright>
    <lastBuildDate>Sun, 15 Oct 2017 00:00:00 +0800</lastBuildDate>
    
	<atom:link href="/home/index.xml" rel="self" type="application/rss+xml" />
    
    
    <item>
      <title>Academic</title>
      <link>/home/hero/</link>
      <pubDate>Sun, 15 Oct 2017 00:00:00 +0800</pubDate>
      
      <guid>/home/hero/</guid>
      <description>The highly flexible website framework for Hugo with an extensible plugin mechanism. Create a beautifully simple site in under 10 minutes 🚀 Latest release  
(function defer() { if (window.jQuery) { jQuery(document).ready(function(){ GetLatestReleaseInfo(); }); } else { setTimeout(function() { defer() }, 50); } })(); function GetLatestReleaseInfo() { $.getJSON(&#39;https://api.github.com/repos/gcushen/hugo-academic/tags&#39;).done(function (json) { let release = json[0]; // let downloadURL = release.zipball_url; $(&#39;#academic-release&#39;).text(&#39;Latest release &#39; + release.name); }); }  </description>
    </item>
    
    <item>
      <title></title>
      <link>/home/about/</link>
      <pubDate>Wed, 20 Apr 2016 00:00:00 +0000</pubDate>
      
      <guid>/home/about/</guid>
      <description>Biography Ace is an RF Engineer at Globe Telecom. His research interests inlcudes big data, mobile computing and programmable matter. He plays and active role in the Network Insights Team, which develops optimization solutions by analyzing network data for actionable insights using R and Tableau as his favorite tools.</description>
    </item>
    
    <item>
      <title>Selected Publications</title>
      <link>/home/publications_selected/</link>
      <pubDate>Wed, 20 Apr 2016 00:00:00 +0800</pubDate>
      
      <guid>/home/publications_selected/</guid>
      <description></description>
    </item>
    
    <item>
      <title>Recent Publications</title>
      <link>/home/publications/</link>
      <pubDate>Wed, 20 Apr 2016 00:00:00 +0800</pubDate>
      
      <guid>/home/publications/</guid>
      <description></description>
    </item>
    
    <item>
      <title>Recent &amp; Upcoming Talks</title>
      <link>/home/talks/</link>
      <pubDate>Wed, 20 Apr 2016 00:00:00 +0000</pubDate>
      
      <guid>/home/talks/</guid>
      <description></description>
    </item>
    
    <item>
      <title>Recent Posts</title>
      <link>/home/posts/</link>
      <pubDate>Wed, 20 Apr 2016 00:00:00 +0000</pubDate>
      
      <guid>/home/posts/</guid>
      <description></description>
    </item>
    
    <item>
      <title>Projects</title>
      <link>/home/projects/</link>
      <pubDate>Wed, 20 Apr 2016 00:00:00 +0000</pubDate>
      
      <guid>/home/projects/</guid>
      <description></description>
    </item>
    
    <item>
      <title>Teaching</title>
      <link>/home/teaching/</link>
      <pubDate>Wed, 20 Apr 2016 00:00:00 +0000</pubDate>
      
      <guid>/home/teaching/</guid>
      <description>This is an example of using the custom widget to create your own homepage section.
I am a teaching instructor for the following courses at University X:
 CS101: An intro to computer science CS102: An intro to computer science CS103: An intro to computer science CS104: An intro to computer science CS105: An intro to computer science CS106: An intro to computer science CS107: An intro to computer science  </description>
    </item>
    
    <item>
      <title>Tags</title>
      <link>/home/tags/</link>
      <pubDate>Wed, 20 Sep 2017 00:00:00 +0800</pubDate>
      
      <guid>/home/tags/</guid>
      <description></description>
    </item>
    
    <item>
      <title>Contact</title>
      <link>/home/contact/</link>
      <pubDate>Wed, 20 Apr 2016 00:00:00 +0000</pubDate>
      
      <guid>/home/contact/</guid>
      <description></description>
    </item>
    
  </channel>
</rss>