<?xml version="1.0" encoding="utf-8" standalone="yes" ?>
<rss version="2.0" xmlns:atom="http://www.w3.org/2005/Atom">
  <channel>
    <title>Publications on Ace Mark Acebedo</title>
    <link>/publication/</link>
    <description>Recent content in Publications on Ace Mark Acebedo</description>
    <generator>Hugo -- gohugo.io</generator>
    <language>en-us</language>
    <copyright>&amp;copy; 2018 Ace Mark Acebedo</copyright>
    <lastBuildDate>Sun, 01 Jan 2017 00:00:00 +0000</lastBuildDate>
    
	<atom:link href="/publication/index.xml" rel="self" type="application/rss+xml" />
    
    
    <item>
      <title>A Person Re-Identification System For Mobile Devices</title>
      <link>/publication/person-re-identification/</link>
      <pubDate>Tue, 01 Sep 2015 00:00:00 +0000</pubDate>
      
      <guid>/publication/person-re-identification/</guid>
      <description>More detail can easily be written here using Markdown and $\rm \LaTeX$ math code.</description>
    </item>
    
    <item>
      <title>Mobile visual clothing search</title>
      <link>/publication/clothing-search/</link>
      <pubDate>Mon, 01 Jul 2013 00:00:00 +0000</pubDate>
      
      <guid>/publication/clothing-search/</guid>
      <description>More detail can easily be written here using Markdown and $\rm \LaTeX$ math code.</description>
    </item>
    
  </channel>
</rss>