<?xml version="1.0" encoding="utf-8" standalone="yes" ?>
<rss version="2.0" xmlns:atom="http://www.w3.org/2005/Atom">
  <channel>
    <title>Posts on Ace Mark Acebedo</title>
    <link>/post/</link>
    <description>Recent content in Posts on Ace Mark Acebedo</description>
    <generator>Hugo -- gohugo.io</generator>
    <language>en-us</language>
    <copyright>&amp;copy; 2018 Ace Mark Acebedo</copyright>
    <lastBuildDate>Sun, 01 Jan 2017 00:00:00 +0800</lastBuildDate>
    
	<atom:link href="/post/index.xml" rel="self" type="application/rss+xml" />
    
    
    <item>
      <title>Sector Antenna Coverage</title>
      <link>/post/sector-antenna-coverage/</link>
      <pubDate>Fri, 16 Feb 2018 00:00:00 +0000</pubDate>
      
      <guid>/post/sector-antenna-coverage/</guid>
      <description>Description of The Algorithm Determine cluster average site to site distance. Get the distance to 5 closest neighbor, the average of which is to be considered the average effective linear coverage - half of which is the -3dB point. I found an article in stackoverflow giving illustration to solve this problem using the fossil package.
 The -3dB coverage point. Recall that antenna propagation is typically illustrated by the following figure:   Note that the -3dB point defines the farthest extent of a sector antenna’s coverage.</description>
    </item>
    
    <item>
      <title>Academic: the website designer for Hugo</title>
      <link>/post/getting-started/</link>
      <pubDate>Wed, 20 Apr 2016 00:00:00 +0800</pubDate>
      
      <guid>/post/getting-started/</guid>
      <description>Academic is a framework to help you create a beautiful website quickly. Perfect for personal sites, blogs, or business/project sites. Check out the latest demo of what you&amp;rsquo;ll get in less than 10 minutes. Then head on over to the Quick Start guide or take a look at the Release Notes.

Key features:
 Easily manage various content including homepage, blog posts, publications, talks, and projects Extensible via color themes and widgets/plugins Write in Markdown for easy formatting and code highlighting, with LaTeX for mathematical expressions Social/academic network linking, Google Analytics, and Disqus comments Responsive and mobile friendly Simple and refreshing one page design Multilingual and easy to customize  Color Themes Academic is available in different color themes and font themes.</description>
    </item>
    
    <item>
      <title>Hello R Markdown</title>
      <link>/post/2015-07-23-r-rmarkdown/</link>
      <pubDate>Thu, 23 Jul 2015 21:13:14 -0500</pubDate>
      
      <guid>/post/2015-07-23-r-rmarkdown/</guid>
      <description>R Markdown This is an R Markdown document. Markdown is a simple formatting syntax for authoring HTML, PDF, and MS Word documents. For more details on using R Markdown see http://rmarkdown.rstudio.com.
You can embed an R code chunk like this:
summary(cars) ## speed dist ## Min. : 4.0 Min. : 2.00 ## 1st Qu.:12.0 1st Qu.: 26.00 ## Median :15.0 Median : 36.00 ## Mean :15.4 Mean : 42.98 ## 3rd Qu.</description>
    </item>
    
  </channel>
</rss>