<?xml version="1.0" encoding="utf-8" standalone="yes" ?>
<rss version="2.0" xmlns:atom="http://www.w3.org/2005/Atom">
  <channel>
    <title>Projects on Ace Mark Acebedo</title>
    <link>/project/</link>
    <description>Recent content in Projects on Ace Mark Acebedo</description>
    <generator>Hugo -- gohugo.io</generator>
    <language>en-us</language>
    <copyright>&amp;copy; 2018 Ace Mark Acebedo</copyright>
    <lastBuildDate>Wed, 27 Apr 2016 00:00:00 +0000</lastBuildDate>
    
	<atom:link href="/project/index.xml" rel="self" type="application/rss+xml" />
    
    
    <item>
      <title>Deep Learning</title>
      <link>/project/deep-learning/</link>
      <pubDate>Wed, 27 Apr 2016 00:00:00 +0000</pubDate>
      
      <guid>/project/deep-learning/</guid>
      <description>Lorem ipsum dolor sit amet, consectetur adipiscing elit. Duis posuere tellus ac convallis placerat. Proin tincidunt magna sed ex sollicitudin condimentum. Sed ac faucibus dolor, scelerisque sollicitudin nisi. Cras purus urna, suscipit quis sapien eu, pulvinar tempor diam. Quisque risus orci, mollis id ante sit amet, gravida egestas nisl. Sed ac tempus magna. Proin in dui enim. Donec condimentum, sem id dapibus fringilla, tellus enim condimentum arcu, nec volutpat est felis vel metus.</description>
    </item>
    
    <item>
      <title>External Project</title>
      <link>/project/example-external-project/</link>
      <pubDate>Wed, 27 Apr 2016 00:00:00 +0000</pubDate>
      
      <guid>/project/example-external-project/</guid>
      <description></description>
    </item>
    
  </channel>
</rss>